{
  "project_info": {
    "project_number": "606787350655",
    "project_id": "fir-authall-bbd1b",
    "storage_bucket": "fir-authall-bbd1b.appspot.com"
  },
  "client": [
    {
      "client_info": {
        "mobilesdk_app_id": "1:606787350655:android:6885ba18a25e9bf8374f4a",
        "android_client_info": {
          "package_name": "com.example.sample"
        }
      },
      "oauth_client": [
        {
          "client_id": "606787350655-d96aho21h55qecn5hgasm0bbr54752i7.apps.googleusercontent.com",
          "client_type": 3
        }
      ],
      "api_key": [
        {
          "current_key": "AIzaSyD9U5DBFF6KmVQ73FQPpzxBnxULERyaUVU"
        }
      ],
      "services": {
        "appinvite_service": {
          "other_platform_oauth_client": [
            {
              "client_id": "606787350655-d96aho21h55qecn5hgasm0bbr54752i7.apps.googleusercontent.com",
              "client_type": 3
            }
          ]
        }
      }
    }
  ],
  "configuration_version": "1"
}